﻿일련번호,철도운영기관명,운영노선명,역명,(근접)출입구번호,시작층(지상/지하),시작층(운행역층),시작층(상세위치),종료층(지상/지하),종료층(운행역층),종료층(상세위치),길이(Cm),폭(Cm),한계중량(Kg),승강기상태
1,서울교통공사,1호선,서울역(1),내부,지하,2,C계단 측,지하,1,C계단 측,10.77,800,300,운행
2,서울교통공사,1호선,신설동(1),6번출구,지상,1,6번 출구 측,지하,1,6번 출구 측,12.534,800,300,운행
3,서울교통공사,1호선,신설동(1),내부,지하,2,제기동 방면,지하,1,제기동 방면,-,820,300,운행
4,서울교통공사,1호선,신설동(1),내부,지하,2,동묘앞 방면,지하,1,동묘앞 방면,-,820,300,운행
5,서울교통공사,1호선,신설동(1),내부,지하,1,연결통로(대합실),지하,1,연결통로(대합실),3.762,800,300,운행
6,서울교통공사,1호선,신설동(1),내부,지하,1,연결통로(대합실),지하,1,연결통로(대합실),3.651,800,300,운행
7,서울교통공사,1호선,청량리(1),내부,지하,2,회기 방면8-2,지하,1,회기 방면8-2,5.47,-,4인승,운행
8,서울교통공사,1호선,청량리(1),내부,지하,2,연결통로(제기동 방면),지하,1,연결통로(제기동 방면),15.08,800,300,미운행
9,코레일,1호선,가산디지털단지,1,지상,1,(2F) 1번출구 옆,지상,2,(1F) 1번출구 앞,3000,120,350,운행
10,코레일,1호선,관악,,지상,1,1F(석수역 방향 상행승강장 계단 옆),지상,2,2F(석수역 방향 표 내는곳 앞),1100,800,300,운행
11,코레일,1호선,광운대역,,지상,1,인천방면,지하,1,인천 승강장 8-2호차 위치에 있음.,1250,800,300,운행
12,코레일,1호선,광운대역,,지상,1,경춘선 방면,지하,1,경춘승강장 북쪽 끝,1250,800,300,운행
13,코레일,1호선,구로역,"2,3",지상,1,"1층 2,3번 승강장 맞이방 방향",지상,3,"3층 2,3번 승강장 맞이방 방향",1250,800,300,운행
14,코레일,1호선,구로역,"2,3",지상,1,"1층 4,5번 승강장 맞이방 방향",지상,3,"3층 4,5번 승강장 맞이방 방향",1250,800,300,운행
15,코레일,1호선,구로역,1,지상,1,"1층 6,7번 승강장 맞이방 방향",지상,3,"3층 6,7번 승강장 맞이방 방향",1250,800,300,운행
16,코레일,1호선,구로역,1,지상,1,"1층 8,9번 승강장 맞이방 방향",지상,3,"3층 8,9번 승강장 맞이방 방향",1250,800,300,운행
17,코레일,1호선,구일역,1,지상,1,(1F) 1번출입구 표내는 곳 계단앞,지상,1,(1F) 구로역방향 계단,15,120,300,운행
18,코레일,1호선,구일역,1,지상,1,(1F)  1번출입구 표내는 곳 계단앞 ,지상,1,(1F) 구로역방향 통로,5,120,300,운행
19,코레일,1호선,구일역,1,지상,1,(1F) 1번출입구 표내는 곳 ,지상,1,(1F)구로역 방향 승강장 1-1,20,120,300,운행
20,코레일,1호선,구일역,1,지상,1,(1F) 1번출입구 표내는 곳,지상,1,(1F) 구로역방향 급행선 승강장 1-1,10,120,300,운행
21,코레일,1호선,구일역,1,지상,1,(1F) 1번출입구 표내는 곳  ,지상,1,(1F)개봉역방향 8-4,50,120,300,운행
22,코레일,1호선,노량진역,2,지상,3,(3F) 용산방면(일반상행) 5번승강장 계단 입구,지상,1,(1F) 용산방면 (일반상행) 5번승강장 계단 입구,1250,800,300,미운행
23,코레일,1호선,노량진역,2,지상,3,(3F) 용산방변(급행상행) 2번승강장 계단 입구,지상,1,(1F) 용산방면(급행상행) 2번승강장 계단 입구,1250,800,300,미운행
24,코레일,1호선,노량진역,2,지상,3,(3F) 대방방면(일반하행) 4번승강장 계단 입구,지상,1,(1F) 대방방면(일반하행) 4번승강장 계단 입구,1250,800,300,미운행
25,코레일,1호선,노량진역,1,지상,3,(3F) 대방방면(급행하행) 1번승강장 계단 입구,지상,1,(1F) 대방방면(급행하행) 1번승강장 계단 입구,1250,800,300,미운행
26,코레일,1호선,신길역,,지상,1,"(1층) 청량리,소요산 승강장방향 10-4 출입문 근처",지상,2,(2층) 맞이방,1800,100,300,운행
27,코레일,1호선,신길역,,지하,1,(1층) 동인천 승강장 방향 1-1 츌압문 근처,지상,2,(2층) 맞이방,1800,100,300,운행
28,코레일,1호선,신이문역,,지상,1,(1F) 석계역 방향 승강장 1-1 출입문 앞,지상,2,"(2F) 표 내는 곳 내 계단 옆, 1번/2번 출입구 방향",1250,800,300,운행
29,코레일,1호선,신이문역,,지상,1,(1F) 외대앞역 방향 승강장 10-4 출입문 앞,지상,2,"(2F) 표 내는 곳 내 계단 옆, 1번/2번 출입구 방향",1250,800,300,운행
30,코레일,1호선,신이문역,2,지상,2,(2F) 맞이방 2번 출구 앞,지상,3,(3F) 3번 출입구 방향,1250,800,300,운행
31,코레일,1호선,영등포,,지상,1,(1F) 수원역(기차) 방향 승강장 남쪽,지상,1,(1F) 수원역 방향 승강장 남쪽,1400,950,350,운행
32,코레일,1호선,영등포,,지상,1,(1F) 수원역(기차) 방향 승강장 북쪽,지상,1,(1F) 수원역 방향 승강장 북쪽,1400,950,250,운행
33,코레일,1호선,영등포,,지상,1,(1F) 용산역(기차) 방향 승강장 남쪽,지상,1,(1F) 용산역 방향 승강장 남쪽,1400,950,350,운행
34,서울교통공사,2호선,한양대,내부,지상,1,뚝섬 방면8-2,지상,2,뚝섬 방면8-2,-,-,4인승,운행
35,서울교통공사,2호선,용답,내부,지상,1,신답 방면1-4,지상,2,신답 방면1-4,-,-,4인승,운행
36,서울교통공사,2호선,용답,내부,지상,1,성수 방면2-2,지상,2,성수 방면2-2,15.68,800,300,운행
37,서울교통공사,2호선,신설동(2),10번출구,지하,1,10번 출구 측,지상,1,10번 출구 측,12.864,820,300,운행
38,서울교통공사,2호선,신설동(2),내부,지하,2,신설동 방면1-1,지하,1,신설동 방면1-1,3.652,820,300,운행
39,서울교통공사,2호선,신설동(2),내부,지하,2,용두 방면1-1,지하,1,용두 방면1-1,6.246,820,300,운행
40,서울교통공사,2호선,신설동(2),내부,지하,2,용두 방면4-4,지하,1,용두 방면4-4,11.568,800,300,운행
41,서울교통공사,2호선,신설동(2),내부,지하,1,"환승통로(1,2호선)",지하,1,"환승통로(1,2호선)",12.16,820,300,운행
42,서울교통공사,2호선,신설동(2),내부,지하,1,"환승통로(1,2호선)",지하,1,"환승통로(1,2호선)",11.734,820,300,운행
43,서울교통공사,2호선,잠실(2),내부,지하,1,잠실쇼핑센터 측 연결계단,지하,1,잠실쇼핑센터 측 연결계단,-,800,300,운행
44,서울교통공사,2호선,삼성,내부,지하,1, 코액스 측 연결계단,지하,1, 코액스 측 연결계단,4.37,800,300,운행
45,서울교통공사,2호선,신정네거리,내부,지하,2,"2,3번 출구 측",지하,1,"2,3번 출구 측",11.188,800,300,운행
46,서울교통공사,3호선,고속터미널(3),내부,지하,2,환승통로(경부선),지하,1,환승통로(경부선),9.062,800,300,운행
47,서울교통공사,3호선,교대(3),내부,지하,1,"B1층 2,3호선 연결 계단",지하,1,"B1층 2,3호선 연결 계단",5.222,800,300,운행
48,서울교통공사,4호선,상계,내부,지상,2,당고개 방면3-1,지상,3,당고개 방면3-1,-,-,300,운행
49,서울교통공사,4호선,상계,내부,지상,2,노원 방면8-3,지상,3,노원 방면8-3,-,-,300,운행
50,서울교통공사,4호선,창동(4),내부,지상,2,"연결통로(1호선, 2번출구)",지상,3,"연결통로(1호선, 2번출구)",9.764,800,300,운행
51,서울교통공사,4호선,창동(4),내부,지상,1,연결계단(1호선 노원 방면),지상,3,연결계단(1호선 노원 방면),18.301,800,300,운행
52,서울교통공사,4호선,창동(4),내부,지상,1,연결계단(1호선 쌍문 방면),지상,3,연결계단(1호선 쌍문 방면),18.169,800,4인승,운행
53,서울교통공사,4호선,창동(4),내부,지상,2,"연결통로(1호선, 1번출구)",지상,3,"연결통로(1호선, 1번출구)",9.761,800,4인승,운행
54,서울교통공사,4호선,사당(4),내부,지하,1,"연결통로(2,4호선, 대합실)",지하,M,"연결통로(2,4호선, 대합실)",5.53,800,300,운행
55,서울교통공사,4호선,서울역(4),9-1번출구,지하,1,9-1번 출구 측(교통섬),지상,1,9-1번 출구 측(교통섬),28.2,800,300,미운행
56,서울교통공사,4호선,충무로(4),내부,지하,1,연결통로(3호선승강장-4호선 대합실),지하,3,연결통로(3호선승강장-4호선 대합실),24.64,800,300,미운행
57,서울교통공사,4호선,이촌(4),내부,지하,1,국철 연결통로,지하,1,국철 연결통로,5.53,800,300,미운행
58,서울교통공사,5호선,까치산,내부,지하,5,화곡 방면1-2,지하,4,화곡 방면1-2,14,800,300,운행
59,서울교통공사,5호선,까치산,내부,지하,5,2번 출구 측,지하,4,2번 출구 측,14,800,300,운행
60,서울교통공사,5호선,영등포구청,내부,지하,4,영등포시장 방면2-3,지하,2,영등포시장 방면2-3,26.9,800,300,운행
61,서울교통공사,5호선,서대문,"5,6번출구",지하,1,"5,6번 출구 사이",지상,1,"5,6번 출구 사이",-,800,300,운행
62,서울교통공사,5호선,종로3가(5),내부,지하,5,"광화문 방면1-1, 을지로4가 방면8-4",지하,4,"광화문 방면1-1, 을지로4가 방면8-4",14,800,300,운행
63,서울교통공사,5호선,답십리,내부,지하,2,대합실,지하,1,대합실,12.4,800,300,운행
64,서울교통공사,5호선,장한평,내부,지하,2,대합실,지하,1,대합실,12.6,800,300,운행
65,서울교통공사,5호선,광나루,내부,지하,2,대합실,지하,1,대합실,14,800,300,운행
66,서울교통공사,5호선,강동,내부,지하,4,대합실,지하,3,대합실,9.5,800,300,운행
67,서울교통공사,5호선,상일동,내부,지하,2,"대합실(B1, 고덕 방면1-1)",지하,1,"대합실(B1, 고덕 방면1-1)",11,800,300,운행
68,서울교통공사,5호선,상일동,내부,지하,2,"대합실(B1, 강일 방면1-1)",지하,1,"대합실(B1, 강일 방면1-1)",11,800,300,운행
69,서울교통공사,5호선,까치산,2번출구,지하,1,2번 출구 측,지상,1,2번 출구 측,36,800,300,운행
70,서울교통공사,5호선,동대문역사문화공원(5),내부,지하,3,"대합실(6,7번 출구 사이)",지하,2,"대합실(6,7번 출구 사이)",15,800,300,운행
71,서울교통공사,5호선,동대문역사문화공원(5),7번출구,지하,3,7번 출구 측,지하,2,7번 출구 측,25,800,300,운행
72,서울교통공사,5호선,강동,내부,지하,3,대합실,지하,1,대합실,17.6,800,300,미운행
73,서울교통공사,5호선,영등포구청,내부,지하,5,영등포시장 방면2-3,지하,4,영등포시장 방면2-3,14.7,800,300,미운행
74,서울교통공사,6호선,불광(6),내부,지하,2,환승통로,지하,2,환승통로,10.229,800,300,운행
75,서울교통공사,6호선,불광(6),내부,지하,2,환승통로,지하,2,환승통로,10.221,800,300,운행
76,서울교통공사,6호선,구산,내부,지하,4,대합실,지하,1,대합실,36.537,800,300,운행
77,서울교통공사,6호선,새절,내부,지하,2,증산 방면5-4,지하,1,증산 방면5-4,15.5,800,300,운행
78,서울교통공사,6호선,디지털미디어시티(6),내부,지하,2,증산 방면8-4,지하,1,증산 방면8-4,14.657,800,300,운행
79,서울교통공사,6호선,디지털미디어시티(6),내부,지하,2,월드컵경기장 방면1-1,지하,1,월드컵경기장 방면1-1,14.505,800,300,운행
80,서울교통공사,6호선,디지털미디어시티(6),3번출구,지하,1,3번 출구 측,지상,1,3번 출구 측,22.9,800,300,운행
81,서울교통공사,6호선,합정(6),내부,지하,1,대합실,지하,1,대합실,2.7,900,300,운행
82,서울교통공사,6호선,광흥창,내부,지하,3,"상수 방면8-4, 대흥 방면1-1",지하,2,"상수 방면8-4, 대흥 방면1-1",13.81,800,300,운행
83,서울교통공사,6호선,대흥,2번출구,지하,1,2번 출구 측,지상,1,2번 출구 측,33.5,800,300,운행
84,서울교통공사,6호선,신당(6),내부,지하,3,"청구 방면1-1, 동묘앞 방면8-4",지하,2,"청구 방면1-1, 동묘앞 방면8-4",25.33,800,300,운행
85,서울교통공사,6호선,신당(6),내부,지하,2,환승통로,지하,1,환승통로,14.47,800,300,운행
86,서울교통공사,6호선,신당(6),내부,지하,2,환승통로,지하,1,환승통로,11.38,800,300,운행
87,서울교통공사,6호선,신당(6),내부,지하,2,환승통로,지하,1,환승통로,11.38,800,300,운행
88,서울교통공사,6호선,신당(6),9번출구,지하,1,9번 출구 측,지상,1,9번 출구 측,31.15,800,300,운행
89,서울교통공사,6호선,월곡,내부,지하,2,아이센터 측(B2),지하,1,아이센터 측(B2),14.098,800,300,운행
90,서울교통공사,6호선,상월곡,내부,지하,3,월곡 방면1-1,지하,2,월곡 방면1-1,15.5,800,300,운행
91,서울교통공사,6호선,상월곡,내부,지하,3,돌곶이 방면8-4,지하,2,돌곶이 방면8-4,15.2,800,300,운행
92,서울교통공사,6호선,석계(6),내부,지하,3,돌곶이 방면1-1,지하,2,돌곶이 방면1-1,14,800,300,운행
93,서울교통공사,6호선,석계(6),내부,지하,3,태릉입구 방면8-4,지하,2,태릉입구 방면8-4,15.4,800,300,운행
94,서울교통공사,6호선,봉화산,내부,지하,2,화랑대 방면8-4,지하,1,화랑대 방면8-4,11.8,800,300,운행
95,서울교통공사,6호선,봉화산,내부,지하,2,신내 방면1-1,지하,1,신내 방면1-1,11.8,800,300,운행
96,서울교통공사,6호선,동묘앞(6),내부,지하,2,대합실,지하,1,대합실,19.838,800,300,운행
97,서울교통공사,6호선,동묘앞(6),5번출구,지하,1,5번 출구 측,지상,1,5번 출구 측,16.21,800,300,운행
98,서울교통공사,6호선,삼각지(6),내부,지하,4,내부,지하,3,내부,13.6,800,300,미운행
99,서울교통공사,6호선,삼각지(6),7번출구,지하,3,대합실,지하,1,대합실,22.8,800,300,미운행
100,서울교통공사,6호선,마포구청,내부,지하,3,월드컵경기장 방면8-4,지하,2,월드컵경기장 방면8-4,14.506,800,300,미운행
101,서울교통공사,6호선,마포구청,내부,지하,3,망원 방면1-1,지하,2,망원 방면1-1,14.2,800,300,미운행
102,서울교통공사,6호선,마포구청,내부,지하,2,대합실,지하,1,대합실,15,800,300,미운행
103,서울교통공사,6호선,마포구청,6번출구,지하,1,"6,7번 출구 측",지상,1,"6,7번 출구 측",15.7,800,300,미운행
104,서울교통공사,6호선,공덕(6),내부,지하,3,환승통로,지하,2,환승통로,14.404,800,300,미운행
105,서울교통공사,6호선,효창공원앞(6),3번출구,지하,1,3번 출구 측,지상,1,3번 출구 측,29,800,300,미운행
106,서울교통공사,7호선,수락산,내부,지하,3,도봉산 방면1-1,지하,2,도봉산 방면1-1,11.428,800,300,운행
107,서울교통공사,7호선,수락산,내부,지하,3,마들 방면8-4,지하,2,마들 방면8-4,11.304,800,300,운행
108,서울교통공사,7호선,마들,내부,지하,2,화장실 측(B2),지하,1,화장실 측(B2),13.4,800,300,운행
109,서울교통공사,7호선,건대입구(7),내부,지하,1,뚝섬유원지 방면1-1,지상,2,뚝섬유원지 방면1-1,33.044,800,300,운행
110,서울교통공사,7호선,건대입구(7),내부,지하,2,"대합실(B2, 3번출구 방면)",지하,1,"대합실(B2, 3번출구 방면)",9.8,800,300,운행
111,서울교통공사,7호선,건대입구(7),3번출구,지하,1,3번 출구 측,지상,1,3번 출구 측,11.5,800,300,운행
112,서울교통공사,7호선,청담,내부,지하,4,뚝섬유원지 방면8-4,지하,3,뚝섬유원지 방면8-4,16.321,800,300,운행
113,서울교통공사,7호선,청담,내부,지하,4,강남구청 방면1-1,지하,3,강남구청 방면1-1,15.835,800,300,운행
114,서울교통공사,7호선,논현,내부,지하,2,대합실(1~10번출구 방면),지하,1,대합실(1~10번출구 방면),34.5,800,300,운행
115,서울교통공사,7호선,반포,내부,지하,2,대합실(1~6번출구 방면),지하,1,대합실(1~6번출구 방면),-,800,300,운행
116,서울교통공사,7호선,고속터미널(7),내부,지하,2,"환승통로(3,9호선)",지하,1,"환승통로(3,9호선)",23.3,800,300,운행
117,서울교통공사,7호선,고속터미널(7),내부,지하,2,대합실(3번출구 방면),지하,1,대합실(3번출구 방면),12.3,800,300,운행
118,서울교통공사,7호선,고속터미널(7),2번출구,지하,1,3번 출구 측,지하,M,3번 출구 측,33.3,800,300,운행
119,서울교통공사,7호선,고속터미널(7),"4,5,6번출구",지하,1,"4,5,6번출구 방면 통로",지하,M,"4,5,6번출구 방면 통로",34,800,300,운행
120,서울교통공사,7호선,이수(7),내부,지하,4,환승통로(당고개 방면),지하,2,환승통로(당고개 방면),25.128,800,300,운행
121,서울교통공사,7호선,이수(7),내부,지하,4,환승통로(사당 방면),지하,2,환승통로(사당 방면),26.081,800,300,운행
122,서울교통공사,7호선,이수(7),내부,지하,3,대합실,지하,1,대합실,14.312,800,300,운행
123,서울교통공사,7호선,대림(7),내부,지하,1,"2호선 환승구간(E/S#10,11 옆 계단)",지상,1,"2호선 환승구간(E/S#10,11 옆 계단)",52.99,800,300,운행
124,서울교통공사,7호선,남구로,내부,지하,5,대림(7) 방면1-1,지하,4,대림(7) 방면1-1,15,800,300,운행
125,서울교통공사,7호선,남구로,내부,지하,5,대림(7) 방면8-4,지하,4,대림(7) 방면8-4,15.2,800,300,운행
126,서울교통공사,7호선,남구로,내부,지하,5,가산디지털단지 방면8-4,지하,4,가산디지털단지 방면8-4,15.1,800,300,운행
127,서울교통공사,7호선,남구로,내부,지하,5,가산디지털단지 방면1-1,지하,4,가산디지털단지 방면1-1,15.1,800,300,운행
128,서울교통공사,7호선,남구로,내부,지하,4,"대합실(1,6번출구 방면)",지하,2,"대합실(1,6번출구 방면)",26.3,800,300,운행
129,서울교통공사,7호선,남구로,내부,지하,4,대합실(2~5번출구 방면) ,지하,2,대합실(2~5번출구 방면) ,26.7,800,300,운행
130,서울교통공사,7호선,남구로,내부,지하,1,"대합실(1,6번출구 방면)",지하,M,"대합실(1,6번출구 방면)",22.2,800,300,운행
131,서울교통공사,7호선,남구로,1번출구,지하,1,1번 출구 측 ,지상,1,1번 출구 측 ,14.6,800,300,운행
132,서울교통공사,7호선,남구로,내부,지하,2,대합실(2~5번출구 방면) ,지하,1,대합실(2~5번출구 방면) ,17.9,800,300,운행
133,서울교통공사,7호선,남구로,내부,지하,1,대합실(2~5번출구 방면) ,지하,M,대합실(2~5번출구 방면) ,19.2,800,300,운행
134,서울교통공사,7호선,남구로,4번출구,지하,1,4번 출구 측,지상,1,4번 출구 측,25.1,800,300,운행
135,서울교통공사,7호선,가산디지털단지(7),내부,지하,1,대합실,지하,1,대합실,6.3,800,300,운행
136,서울교통공사,7호선,가산디지털단지(7),내부,지하,1,"대합실(2,3번출구 방면)",지하,M,"대합실(2,3번출구 방면)",5.2,800,300,운행
137,서울교통공사,7호선,가산디지털단지(7),내부,지하,1,환승통로(7호선 대합실-1호선 승강장),지상,2,환승통로(7호선 대합실-1호선 승강장),34.1,800,300,운행
138,서울교통공사,7호선,가산디지털단지(7),내부,지하,1,환승통로(7호선 대합실-1호선 승강장),지상,2,환승통로(7호선 대합실-1호선 승강장),34,800,300,운행
139,서울교통공사,7호선,광명사거리,내부,지하,3,철산 방면8-4,지하,2,철산 방면8-4,11,800,300,운행
140,서울교통공사,7호선,온수(7),내부,지하,2,환승통로(7호선 승강장-1호선),지하,1,환승통로(7호선 승강장-1호선),32.6,800,300,운행
141,서울교통공사,7호선,온수(7),내부,지하,2,환승통로(7호선 승강장-1호선),지하,1,환승통로(7호선 승강장-1호선),12.4,800,300,운행
142,서울교통공사,7호선,온수(7),내부,지하,1,환승통로(환승통로-1호선 인천 방면 승강장),지상,1,환승통로(환승통로-1호선 인천 방면 승강장),25.9,800,300,운행
143,서울교통공사,7호선,온수(7),내부,지하,1,환승통로(환승통로-1호선 서울 방면 승강장),지상,1,환승통로(환승통로-1호선 서울 방면 승강장),25.9,800,300,운행
144,서울교통공사,7호선,온수(7),6번출구,지하,1,6번 출구 측,지상,1,6번 출구 측,13.7,800,300,운행
145,서울교통공사,7호선,강남구청(7),내부,지하,2,대합실(1~4번출구 방면),지하,1,대합실(1~4번출구 방면),19.914,800,300,미운행
146,서울교통공사,8호선,잠실(8),내부,지하,2,몽촌토성 방면6-4 환승통로 계단,지하,1,몽촌토성 방면6-4 환승통로 계단,13.2,800,300,운행
147,서울교통공사,8호선,잠실(8),내부,지하,3,석촌 방면1-1 환승통로 계단,지하,2,석촌 방면1-1 환승통로 계단,13.2,800,300,운행
148,서울교통공사,8호선,잠실(8),내부,지하,환승통로,사당 방면환승통로 끝 계단,지하,2,사당 방면환승통로 끝 계단,11.5,800,300,운행
149,서울교통공사,8호선,복정(8),4번출구,지하,1,4번 출구 측,지상,1,4번 출구 측,26,800,300,운행
150,서울교통공사,8호선,모란(8),내부,지하,3,환승통로(암사방면 6-4),지하,2,환승통로(암사방면 6-4),13.5,800,300,운행
151,서울교통공사,8호선,모란(8),내부,지하,3,환승통로(모란방면 1-1),지하,2,환승통로(모란방면 1-1),14,800,300,운행
152,서울9호선,9호선,샛강,,지하,2,(B2) 안전관리실 옆,지하,1,(B1) 원형 대합실 복도,,,,미운행
153,서울9호선,9호선,고속터미널,,지하,1,,지하,1,,,,,
154,코레일,경의중앙선,상봉,,지상,1,"KTX승강장 (상봉역 방면 1,2호차 타는 곳)",지상,1,KTX승강장 ,1700,1100,350,운행
155,코레일,경의중앙선,상봉,,지상,1,KTX승강장망우역 방면 (3호차 타는 곳),지상,1,KTX승강장 ,1700,1100,350,운행
156,코레일,경의중앙선,서빙고역,1번출입구,지상,2,2층 개찰구 내 한남역 방향 계단 위,지상,1,1층 한남역 방향 계단 아래,1250,800,300,운행
157,코레일,경의중앙선,서빙고역,1번출입구,지상,2,2층 개찰구 내 이촌역 방향 계단 위,지상,1,1층 이촌역 방향 계단 아래,1250,800,300,운행
158,코레일,분당선,한티,5번출입구,지하,1,(B1)맞이방에서 5번출입구쪽,지하,지하1층,"지하1층 맞이방에서 7,8번출구쪽방향",1250,800,300,미운행
159,코레일,분당선,한티,8번출입구,지하,1,(B1) 선릉역 방향  8번출입구쪽,지상,지상1층,지하1층 연결통로에서 8번출구쪽방향,1250,800,300,미운행
160,코레일,분당선,한티,5번출입구,지하,1,(B1) 도곡역 방향  5번 출입구쪽 ,지상,지상1층,지하1층 연결통로에서 5번출구쪽방향,1250,800,300,미운행
